,Transient,Holistic
cassandra,2.3932381025842897,1.2222356369914036
drupal,3.219407885124778,1.4944194012988343
finagle-chirper,6.207273025315828,2.86057120040592
finagle-http,4.265188761580229,1.8089886232450314
kafka,4.900025019861013,2.2498596420732304
mediawiki,7.424538329959113,3.360811501462848
tomcat,4.996043679475768,2.6189987860273214
verilator,0.917028211559524,0.30909261427041995
wordpress,5.162889519975595,2.3913674659567894
