Trace,SRRIP,GHRP,Hawkeye,OPT
cassandra_result,0.46254821334193025,-0.30699107514346563,-0.0745924590397332,3.520464197493852
drupal_result,0.49442006451800036,-0.07447179516987225,-0.08428027550931805,3.5681071812607157
finagle-chirper_result,0.18555813613552585,0.03694921310357914,-0.25905052703383297,1.6582482012635904
finagle-http_result,0.13538434517886316,-0.18148820326677417,-0.14672735788301422,1.8068321526842765
kafka_result,0.5744301288404318,-0.3417244796828572,-0.9288404360753157,4.173637264618436
mediawiki_result,-0.022226306543522867,-0.12480925982125063,-0.386823219651484,3.352752856294108
tomcat_result,1.7901143670544348,1.2055171059735774,0.44617876601384393,8.961861286997484
verilator_result,2.243632087935315,1.4876076732019263,1.348227025313121,65.04716482587328
wordpress_result,0.3096281168681413,-0.058558509100351853,-0.11382310206381949,2.8521653838693206
