,SRRIP,GHRP,Hawkeye,Thermometer,OPT
server-003,0.4349792687523598,0.5013192612137237,-0.04221635883905887,2.162834526950613,3.573313230305306
server-004,0.9828203787213438,0.147028349828795,0.26149337385658733,3.133973416484938,3.8770093052170442
server-009,0.701770823573503,0.056216621381069615,0.2370467534901287,2.5756582029420048,3.0750491895437153
server-011,2.3594478412251703,1.513962822000764,0.7086772438744405,4.1424875673502735,5.725178466067121
server-012,2.3035441358825786,1.0992877123165254,0.7324739741038819,5.356864780690375,6.058770943276529
server-013,1.5217417281059247,0.3220332907142093,0.586112538387091,4.912351978204498,5.816913021138283
server-025,1.5522173617436148,0.6183212961656442,0.6478262542814401,3.007581491411498,3.2153990224879103
server-026,1.8330361484843585,0.5660560868860514,0.5829145728643251,3.569460204247045,3.689414816015573
server-027,1.7193840391218407,0.7393871605452008,0.8343304546873307,3.332119446467586,3.5603735303298354
