Trace,Coverage
cassandra,47.59474800756837
drupal,63.90346884623579
finagle-chirper,46.957758634467545
finagle-http,52.13386795823574
kafka,51.30242825607064
mediawiki,62.9643325377349
tomcat,46.05147084769287
verilator,99.99221161344548
wordpress,77.56006396547406
